{"V_reset": -69.67206954956055, "V_th": -42.30400691148776, "g": 13.375729812699253, "V_dynamics_method": "linear_exact", "tau_syn": [2.0, 1.0], "t_ref": 0.11, "C_m": 57.05859892436362, "E_L": -69.67206954956055}