{
  "sopt_msg": [
    "After ", 
    "33", 
    "function evaluations, TNC returned:", 
    "Converged (|f_n-f_(n-1)| ~= 0)"
  ], 
  "sopt_nf": 33, 
  "sopt_res": [
    2.114240294638181, 
    -1.2215255706921226, 
    54.48070427796576, 
    127.92115511653763
  ], 
  "init_prms": [
    3.5, 
    -2.0, 
    50.0, 
    140.0
  ], 
  "opt_wts": [
    2.114240294638181, 
    -1.2215255706921226
  ], 
  "prms_bds": [
    [
      1.0, 
      10.0
    ], 
    [
      -10.0, 
      -0.05
    ], 
    [
      2, 
      100
    ], 
    [
      2, 
      200
    ]
  ], 
  "opt_delays": [
    0, 
    5
  ], 
  "opt_kpeaks": [
    54.48070427796576, 
    127.92115511653763
  ]
}