{
  "sopt_msg": [
    "After ", 
    "13", 
    "function evaluations, TNC returned:", 
    "Converged (|f_n-f_(n-1)| ~= 0)"
  ], 
  "sopt_nf": 13, 
  "sopt_res": [
    3.59404059587911, 
    -1.8145831206023941, 
    30.758868538755, 
    58.35845979325414
  ], 
  "init_prms": [
    3.5, 
    -2.0, 
    30.0, 
    60.0
  ], 
  "opt_wts": [
    3.59404059587911, 
    -1.8145831206023941
  ], 
  "prms_bds": [
    [
      1.0, 
      10.0
    ], 
    [
      -10.0, 
      -0.05
    ], 
    [
      2, 
      100
    ], 
    [
      2, 
      200
    ]
  ], 
  "opt_delays": [
    0, 
    25
  ], 
  "opt_kpeaks": [
    30.758868538755, 
    58.35845979325414
  ]
}