{
  "sopt_msg": [
    "After ", 
    "14", 
    "function evaluations, TNC returned:", 
    "Converged (|f_n-f_(n-1)| ~= 0)"
  ], 
  "sopt_nf": 14, 
  "sopt_res": [
    3.3459807668160377, 
    -2.1819897785340467, 
    29.15797185312565, 
    59.36268031326181
  ], 
  "init_prms": [
    3.5, 
    -2.0, 
    30.0, 
    60.0
  ], 
  "opt_wts": [
    3.3459807668160377, 
    -2.1819897785340467
  ], 
  "prms_bds": [
    [
      1.0, 
      10.0
    ], 
    [
      -10.0, 
      -0.05
    ], 
    [
      2, 
      100
    ], 
    [
      2, 
      200
    ]
  ], 
  "opt_delays": [
    0, 
    15
  ], 
  "opt_kpeaks": [
    29.15797185312565, 
    59.36268031326181
  ]
}