{
  "V_m": -70.45950889587401,
  "V_th": -44.23152364988978,
  "g": 9.195230009748064,
  "E_L": -70.45950889587401,
  "C_m": 81.21058405283176,
  "t_ref": 1.5,
  "V_reset": -70.45950889587401,
  "asc_init": [
    0.0,
    0.0
  ],
  "asc_decay": [
    0.003,
    0.3
  ],
  "asc_amps": [
    -4.08182729,
    -291.97668209
  ],
  "tau_syn": [
    5.5,
    8.5,
    2.8,
    5.8
  ],
  "spike_dependent_threshold": false,
  "after_spike_currents": true,
  "adapting_threshold": false
}
