{
  "sopt_msg": [
    "After ", 
    "36", 
    "function evaluations, TNC returned:", 
    "Converged (|f_n-f_(n-1)| ~= 0)"
  ], 
  "sopt_nf": 36, 
  "sopt_res": [
    3.229814878308509, 
    -1.6587975171052909, 
    22.246197660260687, 
    56.10036268151849
  ], 
  "init_prms": [
    3.5, 
    -2.0, 
    10.0, 
    60.0
  ], 
  "opt_wts": [
    3.229814878308509, 
    -1.6587975171052909
  ], 
  "prms_bds": [
    [
      1.0, 
      10.0
    ], 
    [
      -10.0, 
      -0.05
    ], 
    [
      2, 
      100
    ], 
    [
      2, 
      200
    ]
  ], 
  "opt_delays": [
    0, 
    15
  ], 
  "opt_kpeaks": [
    22.246197660260687, 
    56.10036268151849
  ]
}