{
  "sopt_msg": [
    "After ", 
    "27", 
    "function evaluations, TNC returned:", 
    "Converged (|f_n-f_(n-1)| ~= 0)"
  ], 
  "sopt_nf": 27, 
  "sopt_res": [
    3.250647903236935, 
    -1.683809890149441, 
    18.03400571601442, 
    51.21537412884131
  ], 
  "init_prms": [
    3.5, 
    -2.0, 
    10.0, 
    60.0
  ], 
  "opt_wts": [
    3.250647903236935, 
    -1.683809890149441
  ], 
  "prms_bds": [
    [
      1.0, 
      10.0
    ], 
    [
      -10.0, 
      -0.05
    ], 
    [
      2, 
      100
    ], 
    [
      2, 
      200
    ]
  ], 
  "opt_delays": [
    0, 
    15
  ], 
  "opt_kpeaks": [
    18.03400571601442, 
    51.21537412884131
  ]
}